INSERT into model(Name) values('M4');
INSERT into model(Name) values('M6');
INSERT into model(Name) values('S8');
INSERT into model(Name) values('S9');
INSERT into model(Name) values('S10');
INSERT into model(Name) values('S11');
INSERT into model(Name) values('S12');
INSERT into model(Name) values('S13');
INSERT into model(Name) values('S14');

INSERT into train(Number,Model,Name) values(1015, 9, 'Udarata Menike');
INSERT into train(Number,Model,Name) values(1005, 9, 'Podi Menike');
INSERT into train(Number,Model,Name) values(4077, 1, 'Yal Devi');
INSERT into train(Number,Model,Name) values(4017, 8, 'Uttara Devi');
INSERT into train(Number,Model,Name) values(6011, 8, 'Udaya Devi');
INSERT into train(Number,Model,Name) values(4085, 6, 'Rajarata Rejini');
INSERT into train(Number,Model,Name) values(8058, 8, 'Ruhunu Kumari ');
INSERT into train(Number,Model,Name) values(8760, 8, 'Samudra Devi');
INSERT into train(Number,Model,Name) values(8056, 8, 'Galu Kumari');
INSERT into train(Number,Model,Name) values(8096, 7, 'Sagarika');
INSERT into train(Number,Model,Name) values(6079, 7, 'Meena Gaya');
INSERT into train(Number,Model,Name) values(1045, 2, 'Badulla night express');



INSERT INTO railway_station (Code, Name, District) VALUES
('FOT', 'Colombo Fort', 'Colombo'),
('MDA', 'Maradana', 'Colombo'),
('DAG', 'Dematagoda', 'Colombo'),
('KLA', 'Kelaniya', 'Gampaha'),
('WSL', 'Wanawasala', 'Gampaha'),
('HUN', 'Hunupitiya', 'Gampaha'),
('EDM', 'Ederamulla', 'Gampaha'),
('HRP', 'Horape', 'Gampaha'),
('RGM', 'Ragama Junction', 'Gampaha'),
('WPA', 'Walpola', 'Gampaha'),
('BTU', 'Batuwaththa', 'Gampaha'),
('BGU', 'Bulugahagoda', 'Gampaha'),
('GAN', 'Ganemulla', 'Gampaha'),
('YGD', 'Yagoda', 'Gampaha'),
('GPH', 'Gampaha', 'Gampaha'),
('DRL', 'Daraluwa', 'Gampaha'),
('BEM', 'Bemmulla', 'Gampaha'),
('MGG', 'Magalegoda', 'Gampaha'),
('HDP', 'Heendeniya Pattiyagoda', 'Gampaha'),
('VGD', 'Veyangoda', 'Gampaha'),
('WRW', 'Wadurawa', 'Gampaha'),
('KEN', 'Keenawala', 'Gampaha'),
('PLL', 'Pallewela', 'Gampaha'),
('GND', 'Ganegoda', 'Gampaha'),
('WRD', 'Wijaya Rajadahana', 'Gampaha'),
('MIG', 'Meerigama', 'Gampaha'),
('WWT', 'Wilwatta', 'Gampaha'),
('BTL', 'Botale', 'Gampaha'),
('APS', 'Ambepussa', 'Gampaha'),
('YTG', 'Yaththalgoda', 'Kurunegala'),
('BJM', 'Bujjomuwa', 'Kurunegala'),
('ALW', 'Alawwa', 'Kurunegala'),
('WKA', 'Walakumbura', 'Kurunegala'),
('PLG', 'Polgahawela Junction', 'Kurunegala'),
('PNL', 'Panaliya', 'Kurunegala'),
('TSM', 'Tismalpola', 'Kegalle'),
('KSA', 'Korossa', 'Kegalle'),
('YTM', 'Yatagama', 'Kegalle'),
('RBK', 'Rambukkana', 'Kegalle'),
('KMA', 'Kadigamuwa', 'Kegalle'),
('GDA', 'Gangoda', 'Kegalle'),
('IKT', 'Ihala Kotte', 'Kegalle'),
('BNA', 'Balana', 'Kandy'),
('KGW', 'Kadugannawa', 'Kandy'),
('PLT', 'Pilimatalawa', 'Kandy'),
('GEY', 'Gelioya', 'Kandy'),
('GPL', 'Gampola', 'Kandy'),
('TBL', 'Tembiligala', 'Kandy'),
('ULP', 'Ulapane', 'Kandy'),
('NWP', 'Nawalapitiya', 'Kandy'),
('INO', 'Inguruoya', 'Kandy'),
('PPL', 'Pattipola', 'Badulla'),
('OHA', 'Ohiya', 'Badulla'),
('IGH', 'Idalgashinna', 'Badulla'),
('HPT', 'Haputale', 'Badulla'),
('DLA', 'Diyatalawa', 'Badulla'),
('BDA', 'Bandarawela', 'Badulla'),
('KNM', 'Kinigama', 'Badulla'),
('HLO', 'Heeloya', 'Badulla'),
('KEL', 'Kitalella', 'Badulla'),
('ELL', 'Ella', 'Badulla'),
('DDR', 'Demodara', 'Badulla'),
('UDW', 'Uduwara', 'Badulla'),
('HEA', 'Hali-Ela', 'Badulla'),
('BAD', 'Badulla', 'Badulla');


-- Gampaha District
INSERT INTO railway_station(Code, Name, District) VALUES ('PRL', 'Peralanda', 'Gampaha');
INSERT INTO railway_station(Code, Name, District) VALUES ('NIL', 'Stock', 'Stock');
INSERT INTO railway_station(Code, Name, District) VALUES ('KAN', 'Kandana', 'Gampaha');
INSERT INTO railway_station(Code, Name, District) VALUES ('KAW', 'Kapuwatta', 'Gampaha');
INSERT INTO railway_station(Code, Name, District) VALUES ('JLA', 'Ja-Ela', 'Gampaha');
INSERT INTO railway_station(Code, Name, District) VALUES ('TUD', 'Thudella', 'Gampaha');
INSERT INTO railway_station(Code, Name, District) VALUES ('KUD', 'Kudahakkapola', 'Gampaha');
INSERT INTO railway_station(Code, Name, District) VALUES ('AWP', 'Alawathupitiya', 'Gampaha');
INSERT INTO railway_station(Code, Name, District) VALUES ('SED', 'Seeduwa', 'Gampaha');
INSERT INTO railway_station(Code, Name, District) VALUES ('LGM', 'Liyanagemulla', 'Gampaha');
INSERT INTO railway_station(Code, Name, District) VALUES ('IPZ', 'Investment Promotion Zone', 'Gampaha');
INSERT INTO railway_station(Code, Name, District) VALUES ('CAK', 'Colombo Airport Katunayake', 'Gampaha');
INSERT INTO railway_station(Code, Name, District) VALUES ('KTK', 'Katunayaka', 'Gampaha');
INSERT INTO railway_station(Code, Name, District) VALUES ('KUR', 'Kurana', 'Gampaha');
INSERT INTO railway_station(Code, Name, District) VALUES ('NGB', 'Negombo', 'Gampaha');
INSERT INTO railway_station(Code, Name, District) VALUES ('KAT', 'Kattuwa', 'Gampaha');
INSERT INTO railway_station(Code, Name, District) VALUES ('KCH', 'Kochchikade', 'Gampaha');
INSERT INTO railway_station(Code, Name, District) VALUES ('WKL', 'Waikkala', 'Puttalam');
INSERT INTO railway_station(Code, Name, District) VALUES ('BLT', 'Bolawatta', 'Puttalam');
INSERT INTO railway_station(Code, Name, District) VALUES ('LWL', 'Lunuwila', 'Puttalam');
INSERT INTO railway_station(Code, Name, District) VALUES ('TDR', 'Thummodara', 'Puttalam');
INSERT INTO railway_station(Code, Name, District) VALUES ('NAT', 'Nattandiya', 'Puttalam');
INSERT INTO railway_station(Code, Name, District) VALUES ('WHP', 'Walahapitiya', 'Puttalam');
INSERT INTO railway_station(Code, Name, District) VALUES ('KWW', 'Kudawewa', 'Puttalam');
INSERT INTO railway_station(Code, Name, District) VALUES ('NPK', 'Nelumpokuna', 'Puttalam');
INSERT INTO railway_station(Code, Name, District) VALUES ('MDP', 'Madampe', 'Puttalam');
INSERT INTO railway_station(Code, Name, District) VALUES ('KYA', 'Kakkapalliya', 'Puttalam');
INSERT INTO railway_station(Code, Name, District) VALUES ('SWR', 'Sawarana', 'Puttalam');
INSERT INTO railway_station(Code, Name, District) VALUES ('CHL', 'Chilaw', 'Puttalam');
INSERT INTO railway_station(Code, Name, District) VALUES ('MNG', 'Manuwangama', 'Puttalam');
INSERT INTO railway_station(Code, Name, District) VALUES ('BGY', 'Bangadeniya', 'Puttalam');
INSERT INTO railway_station(Code, Name, District) VALUES ('BOA', 'Battuluoya', 'Puttalam');
INSERT INTO railway_station(Code, Name, District) VALUES ('PCK', 'Pulichchikulam', 'Puttalam');
INSERT INTO railway_station(Code, Name, District) VALUES ('MNL', 'Mundel', 'Puttalam');
INSERT INTO railway_station(Code, Name, District) VALUES ('MGE', 'Mangala Eliya', 'Puttalam');
INSERT INTO railway_station(Code, Name, District) VALUES ('PTM', 'Puttalam', 'Puttalam');

-- Kurunegala District
INSERT INTO railway_station(Code, Name, District) VALUES ('GRB', 'Girambe', 'Kurunegala');
INSERT INTO railway_station(Code, Name, District) VALUES ('TWG', 'Thalawattegedara', 'Kurunegala');
INSERT INTO railway_station(Code, Name, District) VALUES ('PTA', 'Potuhara', 'Kurunegala');
INSERT INTO railway_station(Code, Name, District) VALUES ('NLY', 'Nailiya', 'Kurunegala');
INSERT INTO railway_station(Code, Name, District) VALUES ('KRN', 'Kurunegala', 'Kurunegala');
INSERT INTO railway_station(Code, Name, District) VALUES ('MTG', 'Muttettugala', 'Kurunegala');
INSERT INTO railway_station(Code, Name, District) VALUES ('WEL', 'Wellawa', 'Kurunegala');
INSERT INTO railway_station(Code, Name, District) VALUES ('NAG', 'Nagollagama', 'Kurunegala');
INSERT INTO railway_station(Code, Name, District) VALUES ('TIM', 'Thimbiriyagedara', 'Kurunegala');
INSERT INTO railway_station(Code, Name, District) VALUES ('MHO', 'Maho Junction', 'Kurunegala');
INSERT INTO railway_station(Code, Name, District) VALUES ('RGA', 'Randenigama', 'Kurunegala');
INSERT INTO railway_station(Code, Name, District) VALUES ('ABN', 'Ambanpola', 'Kurunegala');
INSERT INTO railway_station(Code, Name, District) VALUES ('GLM', 'Galgamuwa', 'Kurunegala');
INSERT INTO railway_station(Code, Name, District) VALUES ('SGM', 'Senarathgama', 'Kurunegala');

-- Anuradhapura District
INSERT INTO railway_station(Code, Name, District) VALUES ('TBM', 'Thambuttegama', 'Anuradhapura');
INSERT INTO railway_station(Code, Name, District) VALUES ('TLA', 'Talawa', 'Anuradhapura');
INSERT INTO railway_station(Code, Name, District) VALUES ('SRP', 'Shrawasthipura', 'Anuradhapura');
INSERT INTO railway_station(Code, Name, District) VALUES ('APT', 'Anuradhapura New Town', 'Anuradhapura');
INSERT INTO railway_station(Code, Name, District) VALUES ('ANP', 'Anuradhapura', 'Anuradhapura');
INSERT INTO railway_station(Code, Name, District) VALUES ('PHW', 'Parasangahawewa', 'Anuradhapura');
INSERT INTO railway_station(Code, Name, District) VALUES ('MEM', 'Medagama', 'Anuradhapura');
INSERT INTO railway_station(Code, Name, District) VALUES ('MWH', 'Medawachchiya Junction', 'Anuradhapura');
INSERT INTO railway_station(Code, Name, District) VALUES ('PON', 'Poonewa', 'Anuradhapura');
INSERT INTO railway_station(Code, Name, District) VALUES ('EKM', 'Eratperiakulam', 'Vavuniya');
INSERT INTO railway_station(Code, Name, District) VALUES ('VNA', 'Vavuniya', 'Vavuniya');
INSERT INTO railway_station(Code, Name, District) VALUES ('TDK', 'Thandikulam', 'Vavuniya');
INSERT INTO railway_station(Code, Name, District) VALUES ('OMT', 'Omanthai', 'Vavuniya');
INSERT INTO railway_station(Code, Name, District) VALUES ('PKM', 'Puliyankulam', 'Vavuniya');

-- Jaffna District
INSERT INTO railway_station(Code, Name, District) VALUES ('JFN', 'Jaffna', 'Jaffna');
INSERT INTO railway_station(Code, Name, District) VALUES ('KKS', 'Kankesanthurai', 'Jaffna');

-- Polonnaruwa District
INSERT INTO railway_station(Code, Name, District) VALUES ('GOA', 'Gal Oya Junction', 'Polonnaruwa');
INSERT INTO railway_station(Code, Name, District) VALUES ('APR', 'Agbopura', 'Trincomalee');
INSERT INTO railway_station(Code, Name, District) VALUES ('KNI', 'Kanthale', 'Trincomalee');
INSERT INTO railway_station(Code, Name, District) VALUES ('GTL', 'Ganthalawa', 'Trincomalee');
INSERT INTO railway_station(Code, Name, District) VALUES ('MLP', 'Mullipothanai', 'Trincomalee');
INSERT INTO railway_station(Code, Name, District) VALUES ('TAM', 'Thambalagamuwa', 'Trincomalee');
INSERT INTO railway_station(Code, Name, District) VALUES ('CBY', 'China Bay', 'Trincomalee');
INSERT INTO railway_station(Code, Name, District) VALUES ('TCO', 'Trincomalee', 'Trincomalee');

-- Kurunegala District (additional)
INSERT INTO railway_station(Code, Name, District) VALUES ('YPW', 'Yapahuwa', 'Kurunegala');
INSERT INTO railway_station(Code, Name, District) VALUES ('KON', 'Konwewa', 'Kurunegala');
INSERT INTO railway_station(Code, Name, District) VALUES ('RMA', 'Ranamukgama', 'Kurunegala');
INSERT INTO railway_station(Code, Name, District) VALUES ('MLG', 'Moragollagama', 'Kurunegala');
INSERT INTO railway_station(Code, Name, District) VALUES ('SYA', 'Siyambalagamuwa', 'Kurunegala');
INSERT INTO railway_station(Code, Name, District) VALUES ('NGM', 'Nagama', 'Anuradhapura');
INSERT INTO railway_station(Code, Name, District) VALUES ('AWK', 'Awukana', 'Anuradhapura');
INSERT INTO railway_station(Code, Name, District) VALUES ('KLW', 'Kalawewa', 'Anuradhapura');
INSERT INTO railway_station(Code, Name, District) VALUES ('IHA', 'Ihalagama', 'Anuradhapura');
INSERT INTO railway_station(Code, Name, District) VALUES ('KRA', 'Kekirawa', 'Anuradhapura');
INSERT INTO railway_station(Code, Name, District) VALUES ('HLA', 'Horiwila', 'Anuradhapura');
INSERT INTO railway_station(Code, Name, District) VALUES ('PUW', 'Palugaswewa', 'Anuradhapura');
INSERT INTO railway_station(Code, Name, District) VALUES ('HBN', 'Habarana', 'Anuradhapura');
INSERT INTO railway_station(Code, Name, District) VALUES ('HKT', 'Hatares Kotuwa', 'Polonnaruwa');
INSERT INTO railway_station(Code, Name, District) VALUES ('MIY', 'Minneriya', 'Polonnaruwa');
INSERT INTO railway_station(Code, Name, District) VALUES ('HRG', 'Hingurakgoda', 'Polonnaruwa');
INSERT INTO railway_station(Code, Name, District) VALUES ('HAU', 'Hathamuna', 'Polonnaruwa');
INSERT INTO railway_station(Code, Name, District) VALUES ('JAP', 'Jayanthipura', 'Polonnaruwa');
INSERT INTO railway_station(Code, Name, District) VALUES ('LYA', 'Laksha Uyana', 'Polonnaruwa');
INSERT INTO railway_station(Code, Name, District) VALUES ('PKU', 'Parakum Uyana', 'Polonnaruwa');
INSERT INTO railway_station(Code, Name, District) VALUES ('PLN', 'Polonnaruwa', 'Polonnaruwa');
INSERT INTO railway_station(Code, Name, District) VALUES ('GAL', 'Gallella', 'Polonnaruwa');
INSERT INTO railway_station(Code, Name, District) VALUES ('MPT', 'Manampitiya', 'Polonnaruwa');

-- Batticaloa District
INSERT INTO railway_station(Code, Name, District) VALUES ('PNI', 'Punanai', 'Batticaloa');
INSERT INTO railway_station(Code, Name, District) VALUES ('KDN', 'Kadathasi Nagaraya', 'Batticaloa');
INSERT INTO railway_station(Code, Name, District) VALUES ('VCH', 'Valaichchenai', 'Batticaloa');
INSERT INTO railway_station(Code, Name, District) VALUES ('KKH', 'Kalkudah', 'Batticaloa');
INSERT INTO railway_station(Code, Name, District) VALUES ('DPM', 'Devapuram', 'Batticaloa');
INSERT INTO railway_station(Code, Name, District) VALUES ('VML', 'Vandaramoolai', 'Batticaloa');
INSERT INTO railway_station(Code, Name, District) VALUES ('EVR', 'Eravur', 'Batticaloa');

-- Colombo District
INSERT INTO railway_station(Code, Name, District) VALUES ('SCR', 'Secretariant Halt', 'Colombo');
INSERT INTO railway_station(Code, Name, District) VALUES ('KPN', 'Kompanna Veediya', 'Colombo');
INSERT INTO railway_station(Code, Name, District) VALUES ('KLP', 'Kollupitiya', 'Colombo');
INSERT INTO railway_station(Code, Name, District) VALUES ('BPT', 'Bambalapitiya', 'Colombo');
INSERT INTO railway_station(Code, Name, District) VALUES ('WTE', 'Wellawatte', 'Colombo');
INSERT INTO railway_station(Code, Name, District) VALUES ('DWL', 'Dehiwela', 'Colombo');
INSERT INTO railway_station(Code, Name, District) VALUES ('MLV', 'Mount Lavinia', 'Colombo');
INSERT INTO railway_station(Code, Name, District) VALUES ('RML', 'Ratmalana', 'Colombo');
INSERT INTO railway_station(Code, Name, District) VALUES ('AGL', 'Angulana', 'Colombo');
INSERT INTO railway_station(Code, Name, District) VALUES ('LNA', 'Lunawa', 'Colombo');
INSERT INTO railway_station(Code, Name, District) VALUES ('MRT', 'Moratuwa', 'Colombo');
INSERT INTO railway_station(Code, Name, District) VALUES ('KOR', 'Koralawella', 'Colombo');
INSERT INTO railway_station(Code, Name, District) VALUES ('EYA', 'Egoda Uyana', 'Colombo');

-- Kalutara District
INSERT INTO railway_station(Code, Name, District) VALUES ('PND', 'Panadura', 'Kalutara');
INSERT INTO railway_station(Code, Name, District) VALUES ('PIN', 'Pinwatte', 'Kalutara');
INSERT INTO railway_station(Code, Name, District) VALUES ('WDA', 'Wadduwa', 'Kalutara');
INSERT INTO railway_station(Code, Name, District) VALUES ('TRH', 'Train Halt 01', 'Kalutara');
INSERT INTO railway_station(Code, Name, District) VALUES ('KTN', 'Kalutara North', 'Kalutara');
INSERT INTO railway_station(Code, Name, District) VALUES ('KTS', 'Kalutara South', 'Kalutara');
INSERT INTO railway_station(Code, Name, District) VALUES ('KKD', 'Katukurunda', 'Kalutara');
INSERT INTO railway_station(Code, Name, District) VALUES ('PGN', 'Payagala North', 'Kalutara');
INSERT INTO railway_station(Code, Name, District) VALUES ('PGS', 'Payagala South', 'Kalutara');
INSERT INTO railway_station(Code, Name, District) VALUES ('MGN', 'Maggona', 'Kalutara');
INSERT INTO railway_station(Code, Name, District) VALUES ('BRL', 'Beruwala', 'Kalutara');
INSERT INTO railway_station(Code, Name, District) VALUES ('HML', 'Hettimulla', 'Kalutara');
INSERT INTO railway_station(Code, Name, District) VALUES ('ALT', 'Aluthgama', 'Kalutara');

-- Galle District
INSERT INTO railway_station(Code, Name, District) VALUES ('BNT', 'Bentota', 'Galle');
INSERT INTO railway_station(Code, Name, District) VALUES ('IDA', 'Induruwa', 'Galle');
INSERT INTO railway_station(Code, Name, District) VALUES ('MWA', 'Maha Induruwa', 'Galle');
INSERT INTO railway_station(Code, Name, District) VALUES ('KDA', 'Kosgoda', 'Galle');
INSERT INTO railway_station(Code, Name, District) VALUES ('PYA', 'Piyagama', 'Galle');
INSERT INTO railway_station(Code, Name, District) VALUES ('AUH', 'Ahungalla', 'Galle');
INSERT INTO railway_station(Code, Name, District) VALUES ('PGD', 'Patagamgoda', 'Galle');
INSERT INTO railway_station(Code, Name, District) VALUES ('BPA', 'Balapitiya', 'Galle');
INSERT INTO railway_station(Code, Name, District) VALUES ('KGD', 'Kandegoda', 'Galle');
INSERT INTO railway_station(Code, Name, District) VALUES ('ABA', 'Ambalangoda', 'Galle');
INSERT INTO railway_station(Code, Name, District) VALUES ('MPA', 'Madampagama', 'Galle');
INSERT INTO railway_station(Code, Name, District) VALUES ('KWE', 'Kahawe', 'Galle');
INSERT INTO railway_station(Code, Name, District) VALUES ('TWT', 'Telwatte', 'Galle');
INSERT INTO railway_station(Code, Name, District) VALUES ('HKD', 'Hikkaduwa', 'Galle');
INSERT INTO railway_station(Code, Name, District) VALUES ('KMK', 'Kumarakanda', 'Galle');
INSERT INTO railway_station(Code, Name, District) VALUES ('DNA', 'Dodanduwa', 'Galle');
INSERT INTO railway_station(Code, Name, District) VALUES ('RTG', 'Rathgama', 'Galle');
INSERT INTO railway_station(Code, Name, District) VALUES ('GNT', 'Ginthota', 'Galle');
INSERT INTO railway_station(Code, Name, District) VALUES ('PGM', 'Piyadigama', 'Galle');
INSERT INTO railway_station(Code, Name, District) VALUES ('RCH', 'Richmond Hill', 'Galle');
INSERT INTO railway_station(Code, Name, District) VALUES ('GLE', 'Galle', 'Galle');
INSERT INTO railway_station(Code, Name, District) VALUES ('KUG', 'Katugoda', 'Galle');
INSERT INTO railway_station(Code, Name, District) VALUES ('UNW', 'Unawatuna', 'Galle');
INSERT INTO railway_station(Code, Name, District) VALUES ('TLP', 'Talpe', 'Galle');
INSERT INTO railway_station(Code, Name, District) VALUES ('HBD', 'Habaraduwa', 'Galle');
INSERT INTO railway_station(Code, Name, District) VALUES ('KOG', 'Koggala', 'Galle');
INSERT INTO railway_station(Code, Name, District) VALUES ('KTL', 'Kathaluwa', 'Galle');
INSERT INTO railway_station(Code, Name, District) VALUES ('ANM', 'Ahangama', 'Galle');

-- Matara District
INSERT INTO railway_station(Code, Name, District) VALUES ('MID', 'Midigama', 'Matara');
INSERT INTO railway_station(Code, Name, District) VALUES ('KMB', 'Kubalgama', 'Matara');
INSERT INTO railway_station(Code, Name, District) VALUES ('WLM', 'Weligama', 'Matara');
INSERT INTO railway_station(Code, Name, District) VALUES ('PLR', 'Polwathumodara', 'Matara');
INSERT INTO railway_station(Code, Name, District) VALUES ('MIS', 'Mirissa', 'Matara');
INSERT INTO railway_station(Code, Name, District) VALUES ('KMG', 'Kamburugamuwa', 'Matara');
INSERT INTO railway_station(Code, Name, District) VALUES ('WLG', 'Walgama', 'Matara');
INSERT INTO railway_station(Code, Name, District) VALUES ('MTR', 'Matara', 'Matara');
INSERT INTO railway_station(Code, Name, District) VALUES ('PLD', 'Piladuwa', 'Matara');
INSERT INTO railway_station(Code, Name, District) VALUES ('WEH', 'Weherahena', 'Matara');
INSERT INTO railway_station(Code, Name, District) VALUES ('KER', 'Kekandura', 'Matara');
INSERT INTO railway_station(Code, Name, District) VALUES ('BAM', 'Bambarenda', 'Matara');
INSERT INTO railway_station(Code, Name, District) VALUES ('WEW', 'Wewurukannala', 'Matara');
INSERT INTO railway_station(Code, Name, District) VALUES ('BEL', 'Beliatta', 'Hambantota');



INSERT into route(Origin, Destination, Duration_Minutes) values('BEL', 'MDA', 240);
INSERT into route(Origin, Destination, Duration_Minutes) values('BEL', 'MDA', 210);
INSERT into route(Origin, Destination, Duration_Minutes) values('MDA', 'BEL', 240);
INSERT into route(Origin, Destination, Duration_Minutes) values('MDA', 'BEL', 210);




INSERT into scheduled_trip(Route, train, Departure_Time, Frequency) values(1, 8056, '06:10:00', 'Weekdays');
INSERT into scheduled_trip(Route, train, Departure_Time, Frequency) values(2, 8058, '06:00:00', 'Weekdays');
INSERT into scheduled_trip(Route, train, Departure_Time, Frequency) values(3, 8056, '14:00:00', 'Weekdays');
INSERT into scheduled_trip(Route, train, Departure_Time, Frequency) values(4, 8058, '14:30:00', 'Weekdays');




INSERT into class(Class_Code, Class_Name) values('F', 'First Class');
INSERT into class(Class_Code, Class_Name) values('S', 'Second Class');
INSERT into class(Class_Code, Class_Name) values('T', 'Third Class');


INSERT into capacity(Model, Class, Seats_count, Carts_Count) values(1, 'F', 0, 0);
INSERT into capacity(Model, Class, Seats_count, Carts_Count) values(1, 'S', 200, 5);
INSERT into capacity(Model, Class, Seats_count, Carts_Count) values(1, 'T', 400, 10);
INSERT into capacity(Model, Class, Seats_count, Carts_Count) values(2, 'F', 0, 0);
INSERT into capacity(Model, Class, Seats_count, Carts_Count) values(2, 'S', 200, 5);
INSERT into capacity(Model, Class, Seats_count, Carts_Count) values(2, 'T', 400, 10);
INSERT into capacity(Model, Class, Seats_count, Carts_Count) values(3, 'F', 0, 0);
INSERT into capacity(Model, Class, Seats_count, Carts_Count) values(3, 'S', 200, 5);
INSERT into capacity(Model, Class, Seats_count, Carts_Count) values(3, 'T', 300, 5);
INSERT into capacity(Model, Class, Seats_count, Carts_Count) values(4, 'F', 0, 0);
INSERT into capacity(Model, Class, Seats_count, Carts_Count) values(4, 'S', 200, 5);
INSERT into capacity(Model, Class, Seats_count, Carts_Count) values(4, 'T', 300, 5);
INSERT into capacity(Model, Class, Seats_count, Carts_Count) values(5, 'F', 0, 0);
INSERT into capacity(Model, Class, Seats_count, Carts_Count) values(5, 'S', 200, 5);
INSERT into capacity(Model, Class, Seats_count, Carts_Count) values(5, 'T', 400, 10);
INSERT into capacity(Model, Class, Seats_count, Carts_Count) values(6, 'F', 20, 1);
INSERT into capacity(Model, Class, Seats_count, Carts_Count) values(6, 'S', 200, 5);
INSERT into capacity(Model, Class, Seats_count, Carts_Count) values(6, 'T', 400, 10);
INSERT into capacity(Model, Class, Seats_count, Carts_Count) values(7, 'F', 25, 1);
INSERT into capacity(Model, Class, Seats_count, Carts_Count) values(7, 'S', 200, 5);
INSERT into capacity(Model, Class, Seats_count, Carts_Count) values(7, 'T', 400, 10);
INSERT into capacity(Model, Class, Seats_count, Carts_Count) values(8, 'F', 25, 1);
INSERT into capacity(Model, Class, Seats_count, Carts_Count) values(8, 'S', 200, 5);
INSERT into capacity(Model, Class, Seats_count, Carts_Count) values(8, 'T', 400, 10);
INSERT into capacity(Model, Class, Seats_count, Carts_Count) values(9, 'F', 30, 1);
INSERT into capacity(Model, Class, Seats_count, Carts_Count) values(9, 'S', 200, 5);
INSERT into capacity(Model, Class, Seats_count, Carts_Count) values(9, 'T', 400, 10);


INSERT into base_price(Class, Route, Price) values('T', 1, 300);
INSERT into base_price(Class, Route, Price) values('S', 1, 600);
INSERT into base_price(Class, Route, Price) values('F', 1, 1100);
INSERT into base_price(Class, Route, Price) values('T', 2, 300);
INSERT into base_price(Class, Route, Price) values('S', 2, 600);
INSERT into base_price(Class, Route, Price) values('F', 2, 1100);
INSERT into base_price(Class, Route, Price) values('T', 3, 300);
INSERT into base_price(Class, Route, Price) values('S', 3, 600);
INSERT into base_price(Class, Route, Price) values('F', 3, 1100);
INSERT into base_price(Class, Route, Price) values('T', 4, 300);
INSERT into base_price(Class, Route, Price) values('S', 4, 600);
INSERT into base_price(Class, Route, Price) values('F', 4, 1100);



INSERT into user_category(Category_Name, Min_Bookings, Discount) values('Bronze', 0, 0);
INSERT into user_category(Category_Name, Min_Bookings, Discount) values('Silver', 10, 0.05);
INSERT into user_category(Category_Name, Min_Bookings, Discount) values('Gold', 30, 0.09);

INSERT into user(Username, Password, FirstName, LastName) values('SamC', 'scrypt:32768:8:1$qN2OzQE8TXoxjdi9$9aa57069ec47380e683d2486263ac4324d6e1b444f19aa3fef5451ac2248ad1b72b3aa8821b3ebfecf29b4e72f4e3df4a305df4bb945b2f743fb7e4cf5900e4d', 'Sam', 'Convoy');
INSERT into user(Username, Password, FirstName, LastName) values('AliceD', 'scrypt:32768:8:1$SpgB7oh9ua4DoU4I$81b9e2e20866be9b14e929f138aa7f745239cff1abc961e3fe9156b928481732b184a3505848cffe31c5b0b9bf49affd0ffc21c57bc97d27f91af5a0003c1dfa', 'Alice', 'Doe');
INSERT into user(Username, Password, FirstName, LastName) values('BobS', 'scrypt:32768:8:1$A03WFVBbnLgijKz9$c7b357dcfa8b4d78c6c8715bfcf7a61e064edd7e3e7fac758b535e39bfdf50e471fc2d534ce69abd406f49fc7de871c0218685180e08fd7a5199475222162623', 'Bob', 'Smith');
INSERT into user(Username, Password, FirstName, LastName) values('JohnD', 'scrypt:32768:8:1$JUpRoEW3444bFKFo$eafbf640a94a8cfc1fc910f368aa6ec575f6114518b82680b691a822766dfb5b50bbfbf68f01659bd2cab1637c30970f530414ce47ef684653e77a7313be1616', 'John', 'Doe');
INSERT into user(Username, Password, FirstName, LastName) values('JaneS', 'scrypt:32768:8:1$UindG0VIiCzO4Enb$4e7dcb2241f70f7ac4def01d6620f6f7a4a9063cd454e2817c9fa762f9f094677977451b2cb48abf449b358171751bb5bfe10eb627601efdf09ad7fa54b8671b', 'Jane', 'Smith');
INSERT into user(Username, Password, FirstName, LastName) values('MichaelJ', 'scrypt:32768:8:1$4FDm8QQiKXYSkKpu$df01ca88edbd9f6bacb8e2ae273ac057d7ab3ee45fd0cb7ad75c0a9631d866c0242cebdca79102fa8e3115ddfe61fffb8f551dbfe0aa82f36fa117085c644976', 'Michael', 'Johnson');
INSERT into user(Username, Password, FirstName, LastName) values('EmilyW', 'scrypt:32768:8:1$jjdv2I37FVv0pQk3$2187830aab3fe1e8ff2afea0d6498c40e467d95710b5905e8e830f4ef2d51ea09f5d03719bb64e4194b9ce502274eb512ffd1c1a6463fecf2bfa0f6fad1774ab', 'Emily', 'Wilson');
INSERT into user(Username, Password, FirstName, LastName) values('DavidB', 'scrypt:32768:8:1$hiV89CZftV34kdCY$88455e49f0dab429e45de64804e9b831bfcf4d509b0a70a730c934437f40abbf378b98be5d80a5df8b7adbb04c15c6800bd7fbdab9e862299880963c78621e1d', 'David', 'Brown');
INSERT into user(Username, Password, FirstName, LastName) values('SophiaD', 'scrypt:32768:8:1$16koyrAXN0k8n3We$9c8ac7a214c902e6f8e9563b154cde55b0040dd8db2b35110ad90cb5367cf4ea30a4dc1a4cca5d798b86f386d1c806f054497b232dd367735c48761d8f923f2b', 'Sophia', 'Davis');
INSERT into user(Username, Password, FirstName, LastName) values('JamesL', 'scrypt:32768:8:1$6IP1wMGAm6iu0EK8$6e80f06139f63709127cbe8445d7b193654bd3efae90782becc266b8cb66056e0958334614dfea498fbb0b807843d748954cda787e5ae523c634dfdf78159267', 'James', 'Lee');
INSERT into user(Username, Password, FirstName, LastName) values('OliviaM', 'scrypt:32768:8:1$VFH927X3q8gHxHZV$cc49b0033ca744cca9c05892216d7a1f7d7f73611a49eccdedcef0b9abad8528d35535f8b1372e37e6c0ba5bd4fd77049c8702783fc75eb6c5a129b940cce825', 'Olivia', 'Moore');
INSERT into user(Username, Password, FirstName, LastName) values('WilliamT', 'scrypt:32768:8:1$vUw52SLCVMabvEhE$5c799498999e555bf10081438c1f2ca4333e3168bcd2c2ec27746bc7587584166ed83465b808ed9e6d74878478566e8875abd1966c147799e92a5a455d89731a', 'William', 'Taylor');
INSERT into user(Username, Password, FirstName, LastName) values('AvaA', 'scrypt:32768:8:1$3eg4EqzD7UiENywY$850f7d00951cca5d9e9f76c7b507371b6f878509e6e753d6b22062ec91288bb9a34b68034a53b3f364594aa4a6029596b0698a45502c9ba10e6dcf5d08aa96a9', 'Ava', 'Anderson');
INSERT into user(Username, Password, FirstName, LastName) values('ElijahW', 'scrypt:32768:8:1$doHKg8kbqSzD25Vf$10faabb071b4f5616063f9d57e1c33d70e793f63ce01fbcff96d00639fae46b82c0e66a3c61a12bc3f98407a217e1563fb47ccce736d821e5f0c0b99814f677d', 'Elijah', 'White');
INSERT into user(Username, Password, FirstName, LastName) values('MiaH', 'scrypt:32768:8:1$CCy6uVesgpXX71n0$97750eab9ec4a2ee00bccc5578a45aaed96229587a5ce7b54814667687531892850e086dc61519aa49b42d2ba16b9f5bad7f3d366bd092e25feed69f59b0d344', 'Mia', 'Harris');
INSERT into user(Username, Password, FirstName, LastName) values('BenjaminM', 'scrypt:32768:8:1$Yw5zbPAhv7zeHLI7$54c85eeb71121b9889186a0a950404d413771e411cd8df9095560c6609b16bb59fc15b976e576f3061899d3722abfe9e38834db720b6886af02fc54711a993f0', 'Benjamin', 'Martin');
INSERT into user(Username, Password, FirstName, LastName) values('CharlotteT', 'scrypt:32768:8:1$JFhSN5JdmyCMqW8y$a5e30db2775fd6317cfcac7058b103b309881d1c399c761f641d916bffb26dc56ca9d001c263a2110ff8bcfaf20e11795ad0b4fdb397bee1d1263ff30e1674e7', 'Charlotte', 'Thompson');
INSERT into user(Username, Password, FirstName, LastName) values('IsabellaC', 'scrypt:32768:8:1$q7aHA9GKxDB60dTJ$4390ecab280ed6bcd570fcc008fc587d7a6f539e6be17c87a885e164522c03366cd0321f132618480adf7ac5ae36861fcc49ff477837e49482a3469c66d5a244', 'Isabella', 'Clark');
INSERT into user(Username, Password, FirstName, LastName) values('AlexanderL', 'scrypt:32768:8:1$JjCthRdRa20Yfllk$8d71a558e0159d372948fcb497d5dbcfdc540f48aaaa01613b5109e77c66ec667ac9d05b9aa0fccd441fe63ca3bda74b1f6a499a873302bab5d5f1a56f899485', 'Alexander', 'Lewis');
INSERT into user(Username, Password, FirstName, LastName) values('GraceM', 'scrypt:32768:8:1$8W2ySwtgUBLj855f$7aee376fd809abf4443d101fa716daecab16adedda3cf8aa2f19c5b289c823920ba16fb1e40eb14275e4a977c30f2d92898eaa30a03c1469f782ed7e8039a3e4', 'Grace', 'Moore');
INSERT into user(Username, Password, FirstName, LastName) values('SophiaW', 'scrypt:32768:8:1$LN4WH4DoQ4gaf3aY$176b860e1ba5437009436ce863dfcce44a37f96fcb9ec07239f7c2b76ca15cf45df4183ca3f0f7fed7a2e8865d6105aa38550ea23904009b3918da499fda6a16', 'Sophia', 'Wilson');
INSERT into user(Username, Password, FirstName, LastName) values('DanielH', '$2a$10$m3Ba3JOSEYstr7elVGDj1.dhZNa71aloyoF3EJYqzYLXGW93a7nJa', 'Daniel', 'Hall');
INSERT into user(Username, Password, FirstName, LastName) values('HenryW', '$2a$10$/MAQQCZERbMuXGDHz1tr3OpI.q/FVbq3LVjcQHa5u.l5WwwKxh0ny', 'Henry', 'Walker');



INSERT into registered_user(Username, NIC, Address, Birth_Date, Gender, Email, Contact_Number) values('SamC', 'II789012', '123; Main St; Yishun; Singapore', '1995-03-15', 'Male', 'samc@example.com', '+6590123456');
INSERT into registered_user(Username, NIC, Address, Birth_Date, Gender, Email, Contact_Number) values('AliceD', 'NN789012', '456; Elm St; Bukit; Singapore', '1988-07-22', 'Female', 'aliced@example.com', '+6591234567');
INSERT into registered_user(Username, NIC, Address, Birth_Date, Gender, Email, Contact_Number) values('BobS', 'UU901234', '789; Oak St; Phra Nakhon; Bangkok; Thailand', '1979-11-05', 'Male', 'bobs@example.com', '+66811234567');
INSERT into registered_user(Username, NIC, Address, Birth_Date, Gender, Email, Contact_Number) values('JohnD', 'LL567890', '101; Pine St; Chachoengsao; Bangkok; Thailand', '2000-09-10', 'Male', 'johnd@example.com', '+66811234560');
INSERT into registered_user(Username, NIC, Address, Birth_Date, Gender, Email, Contact_Number) values('JaneS', 'MM123456', '202; Cedar St; Bangalore; India', '1998-12-18', 'Female', 'janes@example.com', '+916543210987');
INSERT into registered_user(Username, NIC, Address, Birth_Date, Gender, Email, Contact_Number) values('MichaelJ', 'DD123456', '303; Maple St; Mumbai; India', '1985-05-20', 'Male', 'michaelj@example.com', '+917654321098');
INSERT into registered_user(Username, NIC, Address, Birth_Date, Gender, Email, Contact_Number) values('EmilyW', 'DD789012', '45; New St; Chennai; India', '1997-04-03', 'Female', 'emilyw@example.com', '+918765432109');
INSERT into registered_user(Username, NIC, Address, Birth_Date, Gender, Email, Contact_Number) values('DavidB', 'HI8901FE', '505; Birch St; Mumbai; India', '1970-02-14', 'Male', 'davidb@example.com', '+919876543210');
INSERT into registered_user(Username, NIC, Address, Birth_Date, Gender, Email, Contact_Number) values('SophiaD', 'WX0123YZ', '67; Door St; Kolkata; India', '1996-08-29', 'Female', 'sophiad@example.com', '+915432109876');
INSERT into registered_user(Username, NIC, Address, Birth_Date, Gender, Email, Contact_Number) values('JamesL', 'BC2345UV', '707; Spruce St; Hydrabad; India', '1982-11-30', 'Male', 'jamesl@example.com', '+914321098765');
INSERT into registered_user(Username, NIC, Address, Birth_Date, Gender, Email, Contact_Number) values('OliviaM', 'WW345678', '909; Palm St; Colombo; Sri Lanka', '1999-01-14', 'Female', 'oliviam@example.com', '+94771234567');
INSERT into registered_user(Username, NIC, Address, Birth_Date, Gender, Email, Contact_Number) values('WilliamT', 'LM6789DC', '1011; Pineapple St; Hambanthota; Sri Lanka', '1994-06-25', 'Male', 'williamt@example.com', '+94782345678');
INSERT into registered_user(Username, NIC, Address, Birth_Date, Gender, Email, Contact_Number) values('AvaA', 'DE6789TS', '34; Sand St; Jakarta; Indonesia', '1993-07-01', 'Female', 'avaa@example.com', '+6281234567890');
INSERT into registered_user(Username, NIC, Address, Birth_Date, Gender, Email, Contact_Number) values('ElijahW', 'WX0123YZ', '1213; Orange St; Medan; Indonesia', '1989-09-12', 'Male', 'elijahw@example.com', '+6282345678901');
INSERT into registered_user(Username, NIC, Address, Birth_Date, Gender, Email, Contact_Number) values('MiaH', 'GH567890', '1415; Banana St; Jayapura; Indonesia', '1992-10-27', 'Female', 'miah@example.com', '+6283456789012');
INSERT into registered_user(Username, NIC, Address, Birth_Date, Gender, Email, Contact_Number) values('BenjaminM', 'FG4567GF', '89; Hold St; Chennai; India', '1991-12-05', 'Male', 'benjaminm@example.com', '+919876012345');
INSERT into registered_user(Username, NIC, Address, Birth_Date, Gender, Email, Contact_Number) values('CharlotteT', 'VW6789ZY', '1617; Mango St; Kerala; India', '1980-03-08', 'Female', 'charlottet@example.com', '+918765023456');
INSERT into registered_user(Username, NIC, Address, Birth_Date, Gender, Email, Contact_Number) values('IsabellaC', 'II567890', '45; Unity St; Gampaha; Sri Lanka', '1977-06-17', 'Female', 'isabellac@example.com', '+94793456789');
INSERT into registered_user(Username, NIC, Address, Birth_Date, Gender, Email, Contact_Number) values('AlexanderL', 'RS4567AZ', '1819; Peach St; Pune; India', '1998-05-08', 'Male', 'alexanderl@example.com', '+917654034567');
INSERT into registered_user(Username, NIC, Address, Birth_Date, Gender, Email, Contact_Number) values('GraceM', 'LM0123SR', '2021; Cherry St; Jakarta; Indonesia', '1983-08-03', 'Female', 'gracem@example.com', '+6284567890123');


INSERT into staff(Username, Role) values('SophiaW', 'Data Entry Operator');
INSERT into staff(Username, Role) values('DanielH', 'Data Entry Operator');
INSERT into staff(Username, Role) values('HenryW', 'Admin');


INSERT into booking(Booking_Ref_ID, Scheduled_Trip, User, BPrice_Per_Booking, Final_price, Completed) values('BUI7L6BNML60', 1, NULL, 1, 990, 1);
INSERT into booking(Booking_Ref_ID, Scheduled_Trip, User, BPrice_Per_Booking, Final_price, Completed) values('DER7L6BNM0PK', 1, NULL, 2, 330, 1);
INSERT into booking(Booking_Ref_ID, Scheduled_Trip, User, BPrice_Per_Booking, Final_price, Completed) values('IOPYJ6BNM7UK', 1, NULL, 3, 220, 1);
INSERT into booking(Booking_Ref_ID, Scheduled_Trip, User, BPrice_Per_Booking, Final_price, Completed) values('JYR7L28UIJF3', 1, 'EmilyW', 1, 110, 1);
INSERT into booking(Booking_Ref_ID, Scheduled_Trip, User, BPrice_Per_Booking, Final_price, Completed) values('KSRU46IU5724', 1, NULL, 2, 300, 1);
INSERT into booking(Booking_Ref_ID, Scheduled_Trip, User, BPrice_Per_Booking, Final_price, Completed) values('KYJ3928UIBF6', 1, NULL, 1, 220, 1);
INSERT into booking(Booking_Ref_ID, Scheduled_Trip, User, BPrice_Per_Booking, Final_price, Completed) values('NYR4L28UI4P2', 1, 'SamC', 1, 330, 1);
INSERT into booking(Booking_Ref_ID, Scheduled_Trip, User, BPrice_Per_Booking, Final_price, Completed) values('AYH4L28UI5HN', 2, 'JohnD', 6, 160, 1);
INSERT into booking(Booking_Ref_ID, Scheduled_Trip, User, BPrice_Per_Booking, Final_price, Completed) values('BGR4L4JUIKFV', 2, 'JaneS', 6, 160, 1);
INSERT into booking(Booking_Ref_ID, Scheduled_Trip, User, BPrice_Per_Booking, Final_price, Completed) values('LRR6L21II8J5', 2, 'AliceD', 6, 600, 1);
INSERT into booking(Booking_Ref_ID, Scheduled_Trip, User, BPrice_Per_Booking, Final_price, Completed) values('P8J4L4JUINMK', 2, NULL, 4, 160, 1);
INSERT into booking(Booking_Ref_ID, Scheduled_Trip, User, BPrice_Per_Booking, Final_price, Completed) values('W6B4L28UI4NH', 2, NULL , 4, 480, 1);



INSERT into booked_seat(Booking, Seat_Number, FirstName, LastName, isAdult) values('BUI7L6BNML60', 41, 'Mei', 'Wang', 1);
INSERT into booked_seat(Booking, Seat_Number, FirstName, LastName, isAdult) values('BUI7L6BNML60', 42, 'Jian', 'Zhang', 1);
INSERT into booked_seat(Booking, Seat_Number, FirstName, LastName, isAdult) values('BUI7L6BNML60', 43, 'Yuki', 'Tanaka', 0);
INSERT into booked_seat(Booking, Seat_Number, FirstName, LastName, isAdult) values('BUI7L6BNML60', 44, 'Akira', 'Suzuki', 1);
INSERT into booked_seat(Booking, Seat_Number, FirstName, LastName, isAdult) values('BUI7L6BNML60', 45, 'Hiroshi', 'Yamamoto', 1);
INSERT into booked_seat(Booking, Seat_Number, FirstName, LastName, isAdult) values('BUI7L6BNML60', 46, 'Priya', 'Patel', 1);
INSERT into booked_seat(Booking, Seat_Number, FirstName, LastName, isAdult) values('BUI7L6BNML60', 47, 'Amit', 'Kumar', 1);
INSERT into booked_seat(Booking, Seat_Number, FirstName, LastName, isAdult) values('BUI7L6BNML60', 48, 'Lin', 'Chen', 1);
INSERT into booked_seat(Booking, Seat_Number, FirstName, LastName, isAdult) values('BUI7L6BNML60', 49, 'Jing', 'Li', 1);
INSERT into booked_seat(Booking, Seat_Number, FirstName, LastName, isAdult) values('DER7L6BNM0PK', 23, 'Akiko', 'Sato', 1);
INSERT into booked_seat(Booking, Seat_Number, FirstName, LastName, isAdult) values('DER7L6BNM0PK', 24, 'Raj', 'Patel', 1);
INSERT into booked_seat(Booking, Seat_Number, FirstName, LastName, isAdult) values('DER7L6BNM0PK', 25, 'Sakura', 'Yamamoto', 1);
INSERT into booked_seat(Booking, Seat_Number, FirstName, LastName, isAdult) values('IOPYJ6BNM7UK', 31, 'Xin', 'Chen', 1);
INSERT into booked_seat(Booking, Seat_Number, FirstName, LastName, isAdult) values('IOPYJ6BNM7UK', 32, 'Wei', 'Li', 1);
INSERT into booked_seat(Booking, Seat_Number, FirstName, LastName, isAdult) values('JYR7L28UIJF3', 10, 'Emily', 'Wilson', 1);
INSERT into booked_seat(Booking, Seat_Number, FirstName, LastName, isAdult) values('KSRU46IU5724', 1, 'Sophia', 'Smith', 1);
INSERT into booked_seat(Booking, Seat_Number, FirstName, LastName, isAdult) values('KSRU46IU5724', 2, 'Liam', 'Johnson', 1);
INSERT into booked_seat(Booking, Seat_Number, FirstName, LastName, isAdult) values('KYJ3928UIBF6', 13, 'Lucas', 'White', 1);
INSERT into booked_seat(Booking, Seat_Number, FirstName, LastName, isAdult) values('KYJ3928UIBF6', 14, 'Mia', 'Thompson', 1);
INSERT into booked_seat(Booking, Seat_Number, FirstName, LastName, isAdult) values('NYR4L28UI4P2', 2, 'Sam', 'Convoy', 1);
INSERT into booked_seat(Booking, Seat_Number, FirstName, LastName, isAdult) values('NYR4L28UI4P2', 3, 'Olivia', 'Smith', 1);
INSERT into booked_seat(Booking, Seat_Number, FirstName, LastName, isAdult) values('NYR4L28UI4P2', 4, 'Liam', 'Brown', 0);
INSERT into booked_seat(Booking, Seat_Number, FirstName, LastName, isAdult) values('AYH4L28UI5HN', 1, 'John', 'Doe', 1);
INSERT into booked_seat(Booking, Seat_Number, FirstName, LastName, isAdult) values('BGR4L4JUIKFV', 3, 'Jane', 'Smith', 1);
INSERT into booked_seat(Booking, Seat_Number, FirstName, LastName, isAdult) values('LRR6L21II8J5', 1, 'Alice', 'Doe', 1);
INSERT into booked_seat(Booking, Seat_Number, FirstName, LastName, isAdult) values('LRR6L21II8J5', 2, 'Ava', 'Davis', 1);
INSERT into booked_seat(Booking, Seat_Number, FirstName, LastName, isAdult) values('LRR6L21II8J5', 3, 'Sophia', 'Martinez', 1);
INSERT into booked_seat(Booking, Seat_Number, FirstName, LastName, isAdult) values('P8J4L4JUINMK', 10, 'Samuel', 'Reed', 1);
INSERT into booked_seat(Booking, Seat_Number, FirstName, LastName, isAdult) values('W6B4L28UI4NH', 6, 'Daniel', 'Green', 1);
INSERT into booked_seat(Booking, Seat_Number, FirstName, LastName, isAdult) values('W6B4L28UI4NH', 7, 'Sofia', 'King', 1);
INSERT into booked_seat(Booking, Seat_Number, FirstName, LastName, isAdult) values('W6B4L28UI4NH', 8, 'Carter', 'Adams', 1);



INSERT into guest(Guest_ID, Booking_Ref_ID) values('QYR6L8P07S2I', 'BUI7L6BNML60');
INSERT into guest(Guest_ID, Booking_Ref_ID) values('YJ5P0G9M8NWD', 'DER7L6BNM0PK');
INSERT into guest(Guest_ID, Booking_Ref_ID) values('2TX9M3L1ZVOW', 'IOPYJ6BNM7UK');
INSERT into guest(Guest_ID, Booking_Ref_ID) values('4P8K3H1E6Y7S', 'KSRU46IU5724');
INSERT into guest(Guest_ID, Booking_Ref_ID) values('E2VX9L5J7HDB', 'KYJ3928UIBF6');
INSERT into guest(Guest_ID, Booking_Ref_ID) values('W5G2D4M6R1F1', 'P8J4L4JUINMK');
INSERT into guest(Guest_ID, Booking_Ref_ID) values('K7VX2N5U4I8B', 'W6B4L28UI4NH');

INSERT INTO intermediate_station (Schedule, Code, Sequence)
VALUES
    (1, 'BEL', 1),  -- First intermediate station
    (1, 'MTR', 2),  -- Third intermediate station
    (1, 'GLE', 3),  -- Second intermediate station
    (1, 'KTS', 4),  -- Third intermediate station
    (1, 'MDA', 5),  -- Third intermediate station
    (4, 'BEL', 5), 
    (4, 'MTR', 4),
    (4, 'GLE', 3), 
    (4, 'KTS', 2),  
    (4, 'MDA', 1), 
    (3, 'BEL', 5), 
    (3, 'MTR', 4), 
    (3, 'GLE', 3),  
    (3, 'KTS', 2),  
    (3, 'MDA', 1);
    



